,Information Technology,Financials,Health Care,Consumer Discretionary,Industrials,Energy,Consumer Staples,Materials,Utilities,Telecommunication Services
2022-10-20 00:00:00,2122.21,519.73,1442.25,1092.49,730.61,649.41,707.22,439.86,315.76,168.02
2022-10-21 00:00:00,2178.4,534.91,1474.11,1124.42,749.96,667.35,718.21,455.08,321.57,169.45
2022-10-24 00:00:00,2208.42,542.12,1502.28,1129.8,760.09,670.52,731.08,452.24,324.21,170.98
2022-10-25 00:00:00,2251.11,548.53,1514.03,1156.26,770.33,670.22,740.34,463.67,330.77,175.04
2022-10-26 00:00:00,2200.83,550.14,1530.99,1144.03,772.98,679.34,745.15,466.76,330.64,166.72
2022-10-27 00:00:00,2173.33,554.25,1522.18,1135.78,781.82,681.19,745.43,465.53,332.9,159.85
2022-10-28 00:00:00,2271.63,568.03,1547.85,1132.37,800.42,685.71,761.97,470.3,342.4,164.62
2022-10-31 00:00:00,2241.13,563.91,1546.64,1124.52,797.71,689.83,757.25,466.12,339.18,161.86
2022-11-01 00:00:00,2221.76,566.21,1547.57,1109.34,797.24,696.69,755.15,467.22,340.55,158.93
2022-11-02 00:00:00,2144.63,558.94,1521.37,1067.26,783.19,681.01,742.08,455.2,337.08,154.1
2022-11-03 00:00:00,2080.35,552.97,1514.72,1057.84,791.34,694.92,739.6,458.73,338.58,149.74
2022-11-04 00:00:00,2115.17,563.29,1523.29,1066.96,803.92,701.99,748.01,474.35,340.51,152.38
2022-11-07 00:00:00,2149.86,568.37,1539.41,1060.39,812.48,714.13,754.52,478.09,333.91,155.16
2022-11-08 00:00:00,2169.59,571.7,1547.15,1057.18,819.46,714.51,757.1,486.12,336.21,155.73
2022-11-09 00:00:00,2112.06,562,1530.84,1024.24,807.6,679.63,748.54,478.42,333.38,152.77
2022-11-10 00:00:00,2287.95,590.86,1570.5,1103.07,841.77,694.74,766.93,504.97,349.24,162.43
2022-11-11 00:00:00,2327.4,595.51,1550.4,1130.23,840.9,716.02,765.85,510.85,345.24,166.45
2022-11-14 00:00:00,2304.92,586.34,1550.93,1110.93,835.18,712.28,758.89,509.79,340.85,166.01
2022-11-15 00:00:00,2333.42,588.01,1549.85,1124.69,841.64,720.16,767.14,509.21,344.51,168.96
2022-11-16 00:00:00,2299.69,585.36,1547.86,1108.27,835.1,704.68,770.67,504.22,347.51,168.01
2022-11-17 00:00:00,2304.62,582.22,1547.21,1094.22,833.02,705.52,770.79,499.41,341.28,166.9
2022-11-18 00:00:00,2307.6,586.71,1565.77,1094.65,838.94,699.19,778.78,502.64,348.1,166.31
2022-11-21 00:00:00,2281.53,588.69,1566.48,1079.21,842.06,689.46,786.39,504.54,349.83,164.96
2022-11-22 00:00:00,2325.53,594.73,1580.32,1091.89,848.4,711.39,792.03,515.8,352.78,167.15
2022-11-23 00:00:00,2345.86,596.95,1585.76,1106.37,851.7,703.13,794.68,517.93,356.44,169.18
2022-11-25 00:00:00,2330.19,599.37,1595.63,1107.04,854.86,701,795.14,517.32,358.67,167.99
2022-11-28 00:00:00,2280.52,588.73,1583.67,1100.38,839.42,681.81,792.68,505.94,354.83,165.39
2022-11-29 00:00:00,2258.28,592.65,1579.99,1095.49,844.62,690.53,789.76,507.45,352.24,164.84
2022-11-30 00:00:00,2371.98,602.43,1618.68,1133.65,858.06,694.3,804.18,519.72,361.25,172.94
2022-12-01 00:00:00,2373.66,598.13,1622.56,1132.42,858.03,691.37,800.38,519.55,360.58,173.45
2022-12-02 00:00:00,2360.62,595.56,1626.18,1130.29,863.37,687.2,803.89,525.28,358.89,173.55
2022-12-05 00:00:00,2321.54,580.68,1610.11,1096.92,848.65,667.01,794.23,515.03,356.75,170.94
2022-12-06 00:00:00,2271.92,575.7,1598.13,1079.12,838.91,649.35,788.85,510.5,359.12,166.54
2022-12-07 00:00:00,2260.23,573.1,1611.67,1073.98,837.76,647.47,791.81,509.25,357.43,164.99
2022-12-08 00:00:00,2296.23,573.96,1626.07,1085.24,842.55,644.46,795.26,512.69,359.44,164.16
2022-12-09 00:00:00,2281.8,572.33,1605.2,1079.62,835.7,629.47,789.18,507.77,357.73,164.19
2022-12-12 00:00:00,2331.38,579.55,1621.85,1083.79,849.99,645.12,797.34,512.32,365.85,165.35
2022-12-13 00:00:00,2357.99,581.26,1626.3,1085.93,853.02,656.54,796.01,519.21,367,168.16
2022-12-14 00:00:00,2337.75,573.74,1628.65,1078.04,851.42,652.33,795.43,513.45,366.41,166.72
2022-12-15 00:00:00,2249.46,562.23,1598.35,1058.81,830.55,648.88,782.22,497.94,361.77,160.31
2022-12-16 00:00:00,2220.93,558.05,1575.84,1040.4,826.54,640.28,778.1,495.88,355.76,160.14
2022-12-19 00:00:00,2189.5,556.76,1570.16,1023.14,822.28,641.14,777.78,489.24,354.29,156.64
2022-12-20 00:00:00,2192.93,558.46,1569.24,1011.57,823.45,650.86,777.64,492.42,354.51,157.77
2022-12-21 00:00:00,2229.68,567.97,1589.73,1027.58,838.65,663.17,784.02,496.54,359.32,159.64
2022-12-22 00:00:00,2173.04,562.43,1587.22,1000.97,828.14,647.84,781.76,491.86,357.04,157.8
2022-12-23 00:00:00,2175.54,565.89,1588.53,1008.1,832.86,668.33,785.87,495.38,360.8,159.5
2022-12-27 00:00:00,2154.38,565.7,1584.31,991.55,835.58,675.96,789.55,495.53,363.03,157.62
2022-12-28 00:00:00,2118.97,563.33,1574.23,983.06,824.6,660.95,779.62,488.12,359.52,155.24
2022-12-29 00:00:00,2174.9,571.41,1590.7,1008.32,834.7,667.27,782.78,493.23,361.96,159.41
2022-12-30 00:00:00,2172.17,569.74,1585.54,1005.48,831.4,672.34,779.13,489.55,358.48,159.37
2023-01-03 00:00:00,2150.31,571.88,1580.97,999.54,833.12,647.97,777.29,489.04,358.5,161.59
2023-01-04 00:00:00,2155.82,580.95,1584.91,1013.67,840.73,648.34,779.53,497.55,361.86,163.36
2023-01-05 00:00:00,2113.63,575.62,1568.57,1004.03,831.6,661.25,771.85,489.6,353.82,162.46
2023-01-06 00:00:00,2176.86,588.73,1582.51,1028.1,854,672.35,792.74,506.45,361,165.26
2023-01-09 00:00:00,2200.61,586.18,1556.25,1033.93,850.41,669.19,784.59,509.49,363.3,165.27
2023-01-10 00:00:00,2214.13,589.99,1569.24,1046.97,855,674.21,783.33,514.7,363.46,167.4
2023-01-11 00:00:00,2252.98,595.06,1578.26,1075.02,863.19,676.61,783.83,522.98,366.58,169.64
2023-01-12 00:00:00,2269.26,596.43,1572.1,1076.86,868.1,689.26,777.62,524.63,364.23,171.05
2023-01-13 00:00:00,2276.98,600.66,1579.53,1087.35,867.03,690.21,781.2,528.16,362.63,171.98
2023-01-17 00:00:00,2286.94,596.59,1571.65,1088.11,859.73,691.07,781.17,522.5,362.18,170.4
2023-01-18 00:00:00,2257.62,585.64,1549.37,1073.99,843.87,678.87,760.45,515.28,353.46,168.82
2023-01-19 00:00:00,2231.84,578.61,1552.99,1055.81,826.29,686.38,752.72,511.31,349.93,170.34
2023-01-20 00:00:00,2292.54,588.16,1561.79,1081.81,837.89,695.32,758.85,521.77,351.99,177.09
2023-01-23 00:00:00,2344.75,594.75,1566.24,1098.79,847.05,693.91,761.11,523.43,352.14,180.24
2023-01-24 00:00:00,2343.86,595.37,1556.12,1096.9,852.53,692.41,764.03,523.64,353.85,178.99
2023-01-25 00:00:00,2337.67,599.75,1556.28,1102.83,848.01,691.78,766.19,524.7,349.03,178.35
2023-01-26 00:00:00,2375.4,602.72,1558.72,1125.24,852.73,714.77,764.07,527.24,350.38,181.3
2023-01-27 00:00:00,2385.9,603.02,1547.92,1150.81,855.73,700.58,762.14,525.46,350.27,182.9
2023-01-30 00:00:00,2339.64,599.89,1533.57,1131.09,847.44,684.53,762.71,521.79,348.68,179.61
2023-01-31 00:00:00,2373.29,607.9,1553.43,1156.22,861.96,690.59,770.91,533.4,351.17,182.04
2023-02-01 00:00:00,2427.67,608.01,1560.94,1178.1,868.1,677.53,776.77,536.88,351.81,184.49
2023-02-02 00:00:00,2495.25,609.12,1550.33,1214.42,874.82,660.47,770.11,535.36,352.35,196.92
2023-02-03 00:00:00,2475.27,608.5,1546.32,1176.67,870.28,658.95,766.84,525.63,345.05,192.55
2023-02-06 00:00:00,2445,607.64,1537.1,1175.12,868.47,656.34,767.03,519.96,348.04,190.03
2023-02-07 00:00:00,2505.26,614.71,1547,1177.7,870.62,676.54,764.28,526.71,347.76,194.74
2023-02-08 00:00:00,2473.94,611.26,1542.24,1167.17,865.51,670.76,757.91,522.45,341.81,186.69
2023-02-09 00:00:00,2461.49,603.75,1528.98,1164.75,857.89,665.97,755.67,515.1,336.99,181.47
2023-02-10 00:00:00,2448.02,606.18,1543.29,1150.55,864.22,692.1,762.7,516.93,343.74,179.86
2023-02-13 00:00:00,2491.47,612.87,1556.1,1167.37,871.83,687.91,771.64,519.56,345.75,181.84
2023-02-14 00:00:00,2502.34,609.58,1546.71,1181.11,869.36,687.78,764.47,520.68,344.09,181.85
2023-02-15 00:00:00,2511.94,610.53,1538.77,1194.85,874.82,675.54,765.89,522.99,346.29,183.97
2023-02-16 00:00:00,2467.9,604,1523.11,1168.99,865.28,668.58,759.8,516.98,343.42,181.12
2023-02-17 00:00:00,2438.44,604.28,1536.74,1169.45,870.74,644.2,769.6,512,346.85,180.27
2023-02-21 00:00:00,2379.85,592.12,1515.77,1130.38,850.77,642.23,767.01,503.68,340.31,176.14
2023-02-22 00:00:00,2376.46,590.93,1510.83,1136.21,848.54,637.29,764.96,507.08,338.88,176.05
2023-02-23 00:00:00,2415.19,591.76,1514.86,1135.21,851.92,645.39,763.31,508.01,337.24,174.89
2023-02-24 00:00:00,2372.37,592.38,1495.64,1117.47,846.99,645.32,758.81,511.33,337.17,172.39
2023-02-27 00:00:00,2384.73,592.03,1491.02,1130.63,854.04,647.35,757.41,512.51,334.59,173.11
2023-02-28 00:00:00,2380.26,593.02,1480.18,1130.01,851.88,638.01,751.73,514.81,328.82,173.53
2023-03-01 00:00:00,2360.87,590.77,1477.49,1115.49,855.08,650.37,746.03,518.32,323.16,172.47
2023-03-02 00:00:00,2390.7,587.65,1486.04,1111.95,865.34,655.85,755.09,524.56,329.05,174.36
2023-03-03 00:00:00,2441.83,597.05,1503.32,1135.5,874.52,664.3,755.69,531.9,334.84,178.02
2023-03-06 00:00:00,2454.86,597.36,1502.39,1127.45,872.77,664.95,758.17,523.14,336.28,178.83
2023-03-07 00:00:00,2423.82,582.2,1478.1,1112.05,861.7,653.32,750.78,512.73,330.71,176.78
2023-03-08 00:00:00,2444.24,579.84,1469.81,1109.19,863.67,646.63,751.67,515.12,333.28,177.12
2023-03-09 00:00:00,2408.92,556.04,1454.63,1083.03,851,637.81,744.56,502.05,330.48,173.18
2023-03-10 00:00:00,2366.99,546.28,1443.91,1072.43,835.48,628.78,741.17,491.26,325.2,170.71
2023-03-13 00:00:00,2380,525.63,1457.14,1074.9,830.38,616.47,744.68,485.89,330.22,171.13
2023-03-14 00:00:00,2434.58,535.56,1470.01,1093.24,839.14,621.92,750.65,491.94,334.46,175.84
2023-03-15 00:00:00,2435.24,520.33,1467.49,1090.94,818.08,588.2,755.75,475.82,338.93,178.48
2023-03-16 00:00:00,2503.8,530.45,1481.54,1111.48,828.48,593.72,755.19,481.41,341.2,183.43
2023-03-17 00:00:00,2500.96,513.02,1462.81,1097.66,815,584.64,750.63,474,337.87,182.56
2023-03-20 00:00:00,2506.74,519.15,1481.55,1101.95,826.06,596.98,760.78,483.52,340.62,183.44
2023-03-21 00:00:00,2527.62,532.33,1490.34,1131.84,835.38,617.6,759.84,489.45,333.62,187.93
2023-03-22 00:00:00,2504.44,519.7,1468.05,1106.94,819.46,604.56,752.38,480.84,327.02,184.88
2023-03-23 00:00:00,2545.76,516.28,1465.45,1106.39,817.61,596.32,749.13,480.17,323.73,188.27
2023-03-24 00:00:00,2552.04,515.97,1484.65,1102.47,820.48,598.03,761.34,484.05,333.82,188.77
2023-03-27 00:00:00,2530.32,523.2,1490.71,1104.44,827.24,610.6,765.48,487.64,334.24,186.74
2023-03-28 00:00:00,2518.77,522.9,1482.26,1103.2,831.74,619.44,767.18,490.07,335.22,184.84
2023-03-29 00:00:00,2571.52,530.74,1485.81,1124.22,843.55,628.71,771.29,496.86,340.04,187.03
2023-03-30 00:00:00,2600.86,529.19,1493.96,1134.3,845.47,630.9,773.93,500.05,341.42,187.63
2023-03-31 00:00:00,2638.98,535.28,1510.73,1163.98,856.59,634.9,780.38,507.92,344.01,191.53
2023-04-03 00:00:00,2637.78,536.36,1527.04,1153.35,858.21,666.07,784.39,511.23,341.52,192.54
2023-04-04 00:00:00,2622.43,530.93,1527.4,1152.52,838.88,654.61,782.48,503.73,343.3,193.13
2023-04-05 00:00:00,2591.17,530.18,1553.83,1129.03,827.97,663.91,786.82,502.61,352.13,192.71
2023-04-06 00:00:00,2608.75,531.81,1557.33,1129.59,827.76,654.14,787.45,501.51,354.72,196
2023-04-10 00:00:00,2604.91,533.25,1556.75,1134.39,835.19,658.37,787.34,503.98,354.01,194.65
2023-04-11 00:00:00,2578,537.78,1561.36,1134.57,840.11,664.24,789.24,507.65,354.24,193.82
2023-04-12 00:00:00,2562.26,536.69,1561.6,1117.09,842.91,664.99,785.7,508,353.83,192.09
2023-04-13 00:00:00,2612.33,541.3,1580.81,1142.93,846.09,669.04,790.06,513.11,353.91,196.57
2023-04-14 00:00:00,2599.12,547.01,1568.38,1144.4,845.07,670.32,785.47,509.65,349.97,197.18
2023-04-17 00:00:00,2609.33,553.18,1566.76,1152.15,851.74,661.8,790.1,512.64,351.97,194.68
2023-04-18 00:00:00,2619.95,554.91,1556.5,1153.59,855.69,664.75,792.68,514.68,350.17,193.42
2023-04-19 00:00:00,2616.53,556.33,1560.92,1153.85,855.09,663.08,792.29,513.07,352.91,192.02
2023-04-20 00:00:00,2596.7,554.56,1554.15,1136.78,853.51,657.19,792.75,512.69,352.72,190.55
2023-04-21 00:00:00,2587.05,552.37,1564.68,1150.47,851.44,653.3,798.68,508.05,353.78,191.16
2023-04-24 00:00:00,2576.08,551.26,1573.41,1149.64,853.37,663.35,801.87,511.57,355.54,191.14
2023-04-25 00:00:00,2522.36,541.55,1556.86,1126.1,837.71,651.16,800.94,500.58,355.2,188.12
2023-04-26 00:00:00,2566.05,536.37,1534.96,1121.81,822.05,642.83,795.05,494.68,346.78,186.95
2023-04-27 00:00:00,2621.78,544.95,1542.8,1152.85,838.37,645.68,803.31,501.4,350.94,197.28
2023-04-28 00:00:00,2649.95,551.42,1555.39,1152.42,846.11,655.2,807.2,507.06,350.26,198.35
2023-05-01 00:00:00,2654.81,549.94,1564.51,1140.15,850.77,646.97,807.92,506.87,350.98,198.2
2023-05-02 00:00:00,2630.12,537.3,1556.88,1141.94,841.85,619.28,805.32,502.06,346.67,194.67
2023-05-03 00:00:00,2608.26,530.92,1555.15,1133.79,838.62,607.37,798.98,496.5,345.58,194.34
2023-05-04 00:00:00,2595.47,524.05,1542.58,1125.9,829.44,600.65,796.63,493.32,348.11,191.9
2023-05-05 00:00:00,2665.88,536.83,1556.81,1148.4,841.93,617.15,803.74,501.5,350.42,193.81
2023-05-08 00:00:00,2665.41,537.96,1553.41,1151.9,838.82,617.61,801.94,500.01,349.28,196.28
2023-05-09 00:00:00,2642.62,535.97,1542.68,1152.1,840.28,617.83,799.5,495.34,348.57,195.26
2023-05-10 00:00:00,2674.99,532.87,1546.86,1159.34,837.56,610.73,798.32,495.59,351.86,198.56
2023-05-11 00:00:00,2662.98,531.79,1541.67,1165.73,832.15,603.13,800.82,490.69,347.84,201.84
2023-05-12 00:00:00,2657.03,529.6,1538.82,1155.36,832.24,603.84,803.68,491.53,349.38,202.22
2023-05-15 00:00:00,2676.65,533.93,1536.3,1156.98,836.46,605.06,801.49,495.69,345.04,202.16
2023-05-16 00:00:00,2680.98,528.76,1523.76,1154.05,825.06,589.71,794.47,487.54,337.12,203.36
2023-05-17 00:00:00,2715.38,539.82,1525.24,1177.59,839.09,601.93,793.66,490.79,335.92,205.76
2023-05-18 00:00:00,2771.43,543.6,1521.53,1195.75,844.69,604.88,790.14,493.48,334.71,209.44
2023-05-19 00:00:00,2768.34,541.16,1528.47,1185.73,842.42,609.3,790.19,494.76,334.15,208.41
2023-05-22 00:00:00,2771.98,542.38,1529.13,1181.37,842.45,606.94,778.59,492.05,334.24,210.85
2023-05-23 00:00:00,2730.44,535.76,1511.87,1171.09,832.07,613.23,773.06,484.49,333.1,207.73
2023-05-24 00:00:00,2713.42,528.74,1501.91,1168.38,821.53,616.43,768.05,479.04,331.01,206.48
2023-05-25 00:00:00,2834.06,528.91,1486.3,1162.34,824.03,604.77,762.16,477.22,326.45,207.37
2023-05-26 00:00:00,2909.96,532.82,1483.73,1190.01,830.39,602.51,764.84,479.21,326.13,210.92
2023-05-30 00:00:00,2928.21,532.81,1473.78,1199.02,828.48,596.86,756.55,476.37,324.86,210.77
2023-05-31 00:00:00,2896.25,526.72,1486.28,1188.04,816.88,585.66,757.09,471.02,327.97,210.66
2023-06-01 00:00:00,2934.83,532.48,1496.25,1202.5,827.19,592.86,756.44,476.86,325.4,213.08
2023-06-02 00:00:00,2949.82,544.11,1516.22,1228.92,851.69,610.41,766.99,492.95,328.7,213.29
2023-06-05 00:00:00,2933.3,541.05,1522.04,1233.19,845.64,606.86,764.31,492.46,330.17,214.52
2023-06-06 00:00:00,2929.66,548.25,1508.67,1245.44,850.74,611.05,760.72,495.67,329.95,215.58
2023-06-07 00:00:00,2882.29,550.06,1502.41,1234.14,864.24,627.22,758.22,501.5,335.56,211.55
2023-06-08 00:00:00,2916.83,549.44,1512.14,1253.45,865.78,624.43,763.84,499.75,336.93,212.11
2023-06-09 00:00:00,2930.38,549.85,1515.05,1258.94,863.48,620.82,762.95,495.64,334.98,212.39
2023-06-12 00:00:00,2991.18,549.34,1522,1280.79,869.48,614.8,763,497.82,334.42,214.93
2023-06-13 00:00:00,3012.51,552.72,1530.05,1293.65,879.55,617.67,766.19,509.43,334.21,215.52
2023-06-14 00:00:00,3046.95,550.7,1512.91,1292.23,876.99,610.77,770.46,507.22,333.98,215.8
2023-06-15 00:00:00,3085.83,557.62,1536.36,1301.04,890.25,617.1,777.63,511.54,337.51,219.12
2023-06-16 00:00:00,3060.37,556.4,1536.25,1298.65,888.91,616.43,777.99,512.1,339.29,216.92
2023-06-20 00:00:00,3046.87,552.58,1533.99,1308.39,882.17,602.31,772.16,505.67,335.33,216.29
2023-06-21 00:00:00,3003.82,551.54,1534.94,1293.07,887.17,607.85,775.15,507.46,338.15,213.36
2023-06-22 00:00:00,3031.52,547.44,1544.88,1312.91,880.85,599.93,779.13,505.99,335.59,215.81
2023-06-23 00:00:00,2998.1,545.15,1539.92,1298.4,874.25,595.17,774.52,502.04,330.51,215.28
2023-06-26 00:00:00,2967.11,544.08,1530.7,1282.2,881.18,605.37,774.79,507.06,333.75,211.23
2023-06-27 00:00:00,3027.7,547.93,1527.64,1308.58,892.24,606.74,777.41,514.15,333.89,213.6
2023-06-28 00:00:00,3026.94,546.94,1522.26,1311.84,891.9,612.9,772.81,510.66,328.95,215.31
2023-06-29 00:00:00,3030.78,556.09,1532.09,1312.58,900.26,619.71,771.63,517.14,328.8,213.95
2023-06-30 00:00:00,3085.84,561.11,1548.62,1330.54,908.09,623.56,778.82,521.93,332.8,216.08
2023-07-03 00:00:00,3076.34,564.63,1535.95,1344.84,908.72,625.5,784.19,523.53,335.02,216.36
2023-07-05 00:00:00,3059.1,562.76,1535.16,1345.97,903.24,622.11,783.46,510.6,338.7,218.97
2023-07-06 00:00:00,3054.18,557.65,1521.86,1323.82,896.56,606.87,780.76,506.98,334.61,216.64
2023-07-07 00:00:00,3040.87,558.53,1504.14,1326.17,898.61,619.4,770.3,511.46,332.14,215.39
2023-07-10 00:00:00,3040.34,561,1516.29,1327.6,911.11,624.08,770.56,511.42,330.75,213.41
2023-07-11 00:00:00,3046.22,567.7,1516.35,1338.99,922.06,637.81,771.61,516.39,334.86,215.66
2023-07-12 00:00:00,3084.39,571.29,1512.18,1351.81,920.19,643.57,773.42,523.07,339.77,218.91
2023-07-13 00:00:00,3130.5,573.39,1511.97,1366.41,921.59,640.65,776.83,527.19,341.06,223.99
2023-07-14 00:00:00,3125.78,569.49,1534.69,1370.1,918.53,623.02,779.52,524.15,339.66,222.63
2023-07-17 00:00:00,3167.43,575.21,1528.05,1374.46,922.4,622.26,777.21,524.56,335.66,221.18
2023-07-18 00:00:00,3207.29,581.68,1538.75,1378.25,927.62,628.35,776.21,528.63,333.05,222.03
2023-07-19 00:00:00,3198.51,584.28,1546.36,1385.45,927.15,631.64,783.42,525.9,336.45,222.54
2023-07-20 00:00:00,3133.23,588.34,1571.85,1338.34,930.92,639.8,789.64,527.18,342.67,217.01
2023-07-21 00:00:00,3123.42,586.32,1587.77,1338.83,926.65,645,792.31,527.18,347.8,215.92
2023-07-24 00:00:00,3131.47,592.27,1584.08,1345.84,928.85,655.7,795.36,528.81,346.82,216.92
2023-07-25 00:00:00,3168.67,587.92,1583.09,1342.8,927.64,659.42,794.95,538.13,347.57,217.84
2023-07-26 00:00:00,3127.59,591.76,1581.84,1341.96,933.79,658.83,796.63,536.6,347.41,223.61
2023-07-27 00:00:00,3117.01,584.11,1569.73,1330.34,926.15,655.25,790.16,533.01,341.41,225.52
2023-07-28 00:00:00,3163.09,584.9,1574.35,1354.99,931.88,655.86,797.98,536.71,340.51,230.71
2023-07-31 00:00:00,3167.14,587.5,1561.85,1362.52,934.02,668.98,794.32,539.48,340.62,230.64
2023-08-01 00:00:00,3169.9,587.32,1553.85,1346.88,936.97,665.88,790.27,537.08,336.34,229.97
2023-08-02 00:00:00,3087.76,582.12,1554.75,1322.05,926.84,656.96,792.25,530.46,336.32,225.2
2023-08-03 00:00:00,3078,582.52,1547.02,1326.59,921.18,663.21,790.9,527.26,328.62,224.82
2023-08-04 00:00:00,3032.02,580.02,1541.39,1351.9,915.16,663.38,782.82,525.84,324.65,224.13
2023-08-07 00:00:00,3040.07,587.93,1559.63,1366.76,926.67,664.37,789.49,529.5,324.58,228.35
2023-08-08 00:00:00,3016.48,582.79,1571.85,1354.9,922.41,667.6,784.29,523.95,326.18,227.82
2023-08-09 00:00:00,2970.92,578.26,1571,1338.64,921.61,675.77,785.3,521.5,326.74,224.99
2023-08-10 00:00:00,2971.24,578.7,1570.32,1342.32,919.02,676.29,783.7,521.97,325.71,225.95
2023-08-11 00:00:00,2944.98,579.89,1579.26,1338.53,919.97,686.84,785.16,520.56,327.38,224.86
2023-08-14 00:00:00,2999.57,578.82,1584.46,1343.8,920.24,684.56,781.06,521.55,324.66,227.19
2023-08-15 00:00:00,2972.16,568.42,1578.77,1325.41,908.52,667.84,773.12,512.97,319.17,224.89
2023-08-16 00:00:00,2945.89,567.22,1566.51,1308.55,903.49,661.8,770.97,509.56,320.63,222.18
2023-08-17 00:00:00,2917.48,564.39,1554.53,1287.83,895.89,669.15,763.15,508.63,319.56,220.87
2023-08-18 00:00:00,2920.74,563.68,1554.39,1283.67,896.96,675.43,765.98,508.2,320.8,218.7
2023-08-21 00:00:00,2986.82,563.17,1555.86,1298.4,895.72,671.21,761.08,508.31,318.89,220.46
2023-08-22 00:00:00,2979.6,558.22,1550.13,1299.58,893.9,666.07,757.05,507.91,319.73,220.85
2023-08-23 00:00:00,3036.8,563.42,1554.7,1310.37,902.79,664.05,761.79,508.83,321.18,225.05
2023-08-24 00:00:00,2971.45,562.06,1542.82,1284.07,891.79,659.12,755.92,506.62,319.15,220.47
2023-08-25 00:00:00,2995.81,563.99,1552.14,1298.21,899.43,666.18,760.16,507.99,321.65,220.84
2023-08-28 00:00:00,3020.2,567.31,1555.76,1302.98,906.49,671.02,763.63,511.73,321.52,223.16
2023-08-29 00:00:00,3083.96,572.28,1568.67,1333.64,913.52,673.02,766.77,520.31,322.42,228.65
2023-08-30 00:00:00,3109.67,572.97,1568.21,1338.04,917.54,676.45,768.11,521.1,321.05,229.46
2023-08-31 00:00:00,3121.18,570.68,1549.31,1344.81,912.89,677.49,763.99,520.84,317.74,229.72
2023-09-01 00:00:00,3128.21,575.27,1552.95,1337.52,917.58,691.39,757.65,526.13,316.1,228.48
2023-09-05 00:00:00,3140.43,569.76,1538.28,1336.36,902.08,694.76,751.36,516.63,311.22,228.58
2023-09-06 00:00:00,3097.26,568.79,1528.93,1323.38,897.77,695.76,749.91,514.9,311.85,227.34
2023-09-07 00:00:00,3048.62,567.66,1536.18,1330.02,894.94,694.25,752.45,512.62,315.79,227.59
2023-09-08 00:00:00,3054.92,569,1535.49,1330.46,890.79,700.97,753.62,513.26,318.83,228.39
2023-09-11 00:00:00,3068.78,571.1,1545.94,1367.31,890.73,691.75,759.88,515.39,319.9,231.06
2023-09-12 00:00:00,3015.2,575.94,1543.35,1355.07,887.43,707.71,754.5,514.14,320.31,228.61
2023-09-13 00:00:00,3024.55,575.36,1543.72,1367.22,881.52,702.32,756.43,511.09,324.17,229.52
2023-09-14 00:00:00,3045.82,580.37,1547.62,1379.21,890.21,711.19,762.61,518.25,328.95,232.23
2023-09-15 00:00:00,2986.56,577.18,1536.19,1353.31,885.46,701.84,756.39,512.61,327.33,229.65
2023-09-18 00:00:00,3000.66,579,1533.43,1339.68,886.46,706.64,757.03,510.41,327.16,230.26
2023-09-19 00:00:00,2998.35,578.36,1534.89,1331.01,882.34,700.75,755.14,509.91,325.37,230.28
2023-09-20 00:00:00,2945.2,574.53,1535.17,1316.47,878.91,694.06,756.31,504.66,325.71,225.93
2023-09-21 00:00:00,2900.48,565.24,1521.02,1278.57,864.62,684.42,746.41,494.34,322.19,222.44
2023-09-22 00:00:00,2908.04,561.05,1518.09,1267.4,861.67,685.48,742.89,493.72,321.67,222.24
2023-09-25 00:00:00,2921.63,561.9,1526.27,1275.84,865.64,694.25,739.72,497.67,321.04,223.09
2023-09-26 00:00:00,2869.64,554.36,1513.1,1249.98,852.5,690.76,733.06,490.44,311.26,220.09
2023-09-27 00:00:00,2874.46,553.24,1505.61,1245.24,859,708.08,727.42,490.52,305.25,221.27
2023-09-28 00:00:00,2894.2,557.08,1512.8,1257.3,862.66,708.16,729.21,495.65,298.58,223.84
2023-09-29 00:00:00,2905.56,552.16,1501.22,1264,857.57,694.19,727.36,494.54,299.2,222.21
2023-10-02 00:00:00,2944.16,547.53,1499.6,1267.6,849.73,680.95,722.67,488.08,285.09,225.47
2023-10-03 00:00:00,2890.63,538.38,1485.96,1234.72,843.45,680.8,717.62,486.63,288.42,222.32
2023-10-04 00:00:00,2926.8,542.83,1492.7,1259.1,846.68,657.91,722.87,492.44,288.17,225.17
2023-10-05 00:00:00,2934.14,544.91,1500.08,1251.95,841.3,654.09,707.91,486.23,286.59,224.89
2023-10-06 00:00:00,2991.1,549.36,1515.28,1260.72,852.5,656.79,704.51,490.89,290.51,228.99
2023-10-09 00:00:00,3003.98,549.55,1520.7,1262.98,866.19,680.01,704.98,491.61,293.44,231.17
2023-10-10 00:00:00,3008.59,553.79,1528.2,1276.75,871.17,679.89,712.57,496.92,297.42,231.67
2023-10-11 00:00:00,3038.92,554.41,1521.7,1282.9,876.6,670.72,708.01,498.08,302.27,234.15
2023-10-12 00:00:00,3042.1,550.92,1507.53,1270.66,868.42,671.31,699.88,490.53,297.75,231.56
2023-10-13 00:00:00,2995.79,552,1516.76,1252.16,860.99,686.44,705.78,488.74,301,228.5
2023-10-16 00:00:00,3025.03,557.61,1528.16,1272.81,870.04,690.94,712.68,493.24,304.15,231.86
2023-10-17 00:00:00,3001.63,560.69,1526.17,1273.59,872.77,697.7,716.29,498.22,303.42,232.85
2023-10-18 00:00:00,2964.73,551.15,1512.5,1243.93,851.56,704.21,719.09,485.38,300.57,229.16
2023-10-19 00:00:00,2951.79,544.27,1497.94,1216.55,843.88,703.32,713.52,480.13,297.76,229.91
2023-10-20 00:00:00,2901.99,535.85,1492.01,1196.39,835.2,691.1,710.82,473.96,294.62,227.26
